{"servo_norm": {"KISOMAP": [[0.27317571015478825], [0.9494707417817799], [0.483837786215888], [0.17013206655164126], [0.9573701546336446], [0.8448071267927136]], "ISOMAP": [[0.12536145602993704], [0.142985789912995], [0.4576643136664483], [0.07070830394249243], [0.6309713106485021], [0.5671285576695514]], "Kernel PCA": [[0.0], [0.24548905573469584], [0.0], [0.058379493785180495], [0.6508071400513527], [0.34223545054820054]], "t-SNE": [[0.03691103929239662], [0.22571736614406715], [0.0920037452720321], [0.06177020321672333], [0.5314950834991454], [0.44241779884776194]], "Laplacian Eigenmaps": [[0.006123490389522019], [0.4467313849208586], [0.020649911347503033], [0.048995914834784056], [0.7903132301034417], [0.26445654455270756]], "UMAP": [[1.0], [1.0], [1.0], [1.0], [1.0], [0.0]], "RAW": [[0.11107331178771898], [0.1327925703631153], [0.4383090995223051], [0.07872150051304572], [0.6058622801979896], [0.7561471143512122]], "LLE": [[0.0816465385269604], [0.0], [0.3754455705792103], [0.0], [0.0], [1.0]], "LTSA": [[0.36604864772920553], [0.038518651521412574], [0.5209678302445656], [0.023232046069158248], [0.15610209122463636], [0.3861006178991465]]}, "AP_Omentum_Kidney": {"KISOMAP": [[0.8396389713155292], [184.32754190892422], [0.8673677228487953], [0.5333894142518959], [0.41417111820985675], [6.03506126138975]], "ISOMAP": [[0.5926593189204465], [41.84013582738374], [0.7407823357046194], [0.02318786911943712], [0.4712556391765187], [1.770282193148781]], "Kernel PCA": [[0.46311996608732514], [0.9036130168683425], [0.5167297834206831], [0.13343568654118199], [-0.0034232890991905776], [2.29349133169793]], "t-SNE": [[0.678960011304225], [210.36164796829658], [0.7097157981026285], [0.4762889669501838], [0.3034782409667969], [1.894442088019976]], "Laplacian Eigenmaps": [[0.6503108661862371], [703.5424213256575], [0.6778330222132877], [0.42955315207789074], [0.37457701261477466], [1.1054685213620536]], "UMAP": [[0.7613572135085488], [1239.4421864883916], [0.7957986841223179], [0.5206395958643083], [0.6741682291030884], [0.30744281984677485]], "LLE": [[0.780645047336442], [584.1660183859133], [0.813299735462132], [0.5005951961651092], [0.4849779931510372], [1.198008921655846]], "LTSA": [[-1], [-1], [-1], [-1], [-1], [-1]], "RAW": [[0.6140666949272291], [15.366517722367721], [0.6587620691741112], [0.32860945402080205], [0.020806683348915847], [3.161509579674806]]}, "tic-tac-toe_norm": {"KISOMAP": [[0.03525512700742917], [0.2508908489441507], [0.11433217825330176], [0.10727580914125134], [0.6345349236533688], [1.3435473869160864e-13]], "ISOMAP": [[0.008152053027269903], [0.0884182676764901], [0.08136483869754545], [0.0008016958944444867], [0.5787399556695362], [2.3989574309531057e-14]], "Kernel PCA": [[0.006394857422483249], [0.2715528023054801], [0.0], [0.2553191145356773], [1.0], [1.0]], "t-SNE": [[0.027714755994483753], [1.0], [0.021068986822112584], [0.2764069916840951], [0.9915659851219896], [1.4836614212209166e-14]], "Laplacian Eigenmaps": [[0.01293429423017022], [0.11314040897797602], [0.07848861904292669], [0.05474440195780132], [0.5935620874665488], [8.634723508255655e-14]], "UMAP": [[0.09264202144223496], [0.6400989607547006], [0.18810431707826838], [0.2551326896392547], [0.8161991513951702], [4.4448997555648214e-14]], "RAW": [[1.0], [0.0], [1.0], [1.0], [0.0], [0.0]], "LLE": [[0.0010120556964277488], [0.04477202351687399], [0.04209156928973331], [0.0], [0.6402774461979033], [6.642073567610009e-13]], "LTSA": [[0.0], [0.12923988483350768], [0.0467022058909665], [0.03604481186049578], [], [1.2278149697488703e-14]]}, "AP_Omentum_Kidney_norm": {"KISOMAP": [[1.0], [0.14940441717285835], [1.0], [1.0], [0.8447007257851731], [1.0]], "ISOMAP": [[0.8657455858208597], [0.034536180963549205], [0.9322118586525309], [0.6672720312332572], [0.8787979688067087], [0.39378224157802466]], "Kernel PCA": [[0.7953299472890842], [0.001534624537607305], [0.812228767190433], [0.739170152087008], [0.5952667680443985], [0.4681538950873774]], "t-SNE": [[0.9126573406430925], [0.17039217971669215], [0.9155753187670728], [0.9627619398105925], [0.7785825930200077], [0.4114309713129904]], "Laplacian Eigenmaps": [[0.8970840974335833], [0.567976830359317], [0.8985016725327353], [0.9322831752919956], [0.8210507096716229], [0.2992821871953573]], "UMAP": [[0.9574472170748802], [1.0], [0.9616738375357083], [0.9916852051611377], [1.0], [0.18584668580249072]], "RAW": [[0.8773823125594078], [0.013194099572427662], [0.8882889261058652], [0.8664527364492071], [0.6097396101560225], [0.5915384991050833]], "LLE": [[0.9679317926511959], [0.47173985596416945], [0.971045880934378], [0.9786132486751342], [0.8869944891658784], [0.31243635840374157]], "LTSA": [[0.0], [0.0], [0.0], [0.0], [], [0.0]]}, "olivetti-faces_norm": {"KISOMAP": [[0.9805954317233575], [0.00035973505081398266], [0.07890111756167342], [0.6899201653880668], [0.28267219318515324], [0.6177159211244992]], "ISOMAP": [[0.9781486457817693], [0.0002767559531316989], [0.06319957456299748], [0.6874545546562025], [0.24113333429668385], [0.4625305809085385]], "Kernel PCA": [[0.0], [1.0], [0.0], [0.0], [1.0], [0.0]], "t-SNE": [[0.9979067958418781], [0.00024388502778786833], [0.9398893511984476], [0.9976751762402636], [0.23402384709487087], [0.49481519089445997]], "Laplacian Eigenmaps": [[0.9330316102114418], [0.0004838138196680836], [0.053534963412322785], [0.533852292242671], [0.14739593032237924], [0.5179336220027737]], "UMAP": [[1.0], [0.0007991055773658632], [0.9397842403090445], [0.982376560648721], [0.4693073186768519], [0.3395023777204883]], "RAW": [[0.9991796902623576], [0.0], [1.0], [1.0], [0.0], [1.0]], "LLE": [[0.07699307322327249], [0.5030886844526762], [0.4439045669635724], [0.225979929483541], [0.7505046838111493], [0.0]], "LTSA": [[0.6009582350647179], [0.27543788011550885], [0.4372806754222108], [0.40167597450826314], [], [0.34175050526808054]]}, "Pen-Digits": {"KISOMAP": [[0.8375081568487869], [179.29035738187196], [0.4052454684582462], [0.5077896480287364], [0.1977664446068515], [1.9094800846689743]], "ISOMAP": [[0.8610534998014977], [170.51670490272554], [0.4291753268304923], [0.5666611549215741], [0.05919035777504517], [1.3236083318993455]], "Kernel PCA": [[0.8350479828055909], [181.9945682429149], [0.3676215962190266], [0.4745887098526888], [-0.05983865342501758], [1.7379136505355652]], "t-SNE": [[0.9629827371418402], [2528.305043125561], [0.7974885929934358], [0.8360804093069173], [0.44148901104927063], [0.9163903555294206]], "Laplacian Eigenmaps": [[0.8516908063758037], [323.44435754552364], [0.42862863241581645], [0.5235292120785885], [0.17469224462619257], [1.0397849385304465]], "UMAP": [[0.9435968166614189], [527.6902888526854], [0.6710697415250114], [0.7290992517599513], [0.5399957299232483], [1.303362299625508]], "LLE": [[0.5866730780638949], [59.255677126985624], [0.3164855115343479], [0.3289474311871984], [-0.14938175443642515], [1.7923124726463149]], "LTSA": [[-1], [-1], [-1], [-1], [-1], [-1]], "RAW": [[0.9191719030213424], [136.22512769508924], [0.6075468619430558], [0.7249056114880273], [0.1384899113136899], [1.7386055651802836]]}, "olivetti-faces": {"KISOMAP": [[0.9573809523809523], [538.9373150921314], [0.1733150433656994], [0.5678653008773374], [0.3971049005454326], [1.01002954357308]], "ISOMAP": [[0.9552130325814536], [418.8002042953033], [0.16788670467741987], [0.5660705175630526], [0.3648185005964732], [0.7699928885697703]], "Kernel PCA": [[0.08854636591478697], [1447817.789719524], [0.14603734275725347], [0.06565415090763765], [0.9546534968493848], [0.05456259519593514]], "t-SNE": [[0.972719298245614], [371.2096892098499], [0.47097596364583166], [0.7918883192827834], [0.359292596578598], [0.819929885056182]], "Laplacian Eigenmaps": [[0.9152380952380952], [718.5785165237746], [0.16454545454545455], [0.4542593650346189], [0.2919603770014681], [0.8556888740460025]], "UMAP": [[0.9745739348370928], [1175.0578213831225], [0.4709396247008276], [0.7807520520527172], [0.5421684980392456], [0.5796960581911377]],