{"pendigits": {"KISOMAP": [[0.8902144794397745], [19956.17472844749], [0.51455828578537], [0.6178699369275563], [2.285296397732375]], "ISOMAP": [[0.8805609876388211], [15591.686281304228], [0.5091536065182518], [0.6196666988208596], [0.7499365677338936]], "UMAP": [[0.9596891137740459], [32228.57258725769], [0.8024871873509755], [0.8547104889443414], [0.46638724960332717]], "RAW": [[0.9179548550838935], [1578.6399119204207], [0.6186219952835372], [0.7107996928869295], [2.038186068357104]], "KPCA": [[0.8827760294018515], [15476.151682839263], [0.4513022082528523], [0.5505676155585982], [0.7769432033632433], [0.41211861977599584]], "LLE": [[0.4921773034626584], [385315.4153179057], [0.3690174031109723], [0.32529512623422463], [0.40001851953016454], [0.8876569597294521]], "SE": [[0.10007839217928338], [-1.0], [-1.0], [-1.0], [-1.0], [-1.0]], "TSNE": [[0.9468098617672763], [12976.894811990573], [0.7483375792021024], [0.8213134820254602], [0.7112078044286607], [0.4817834794521332]]}, "COIL2000-train": {"KISOMAP": [[0.8432465142525514], [4604.468154080154], [0.9145114722083368], [0.01216861392009946], [6.89702875420104]], "ISOMAP": [[0.5495389152071496], [4243.242035994091], [0.7060074893940741], [0.014408606116960923], [0.8939158131014053]], "UMAP": [[0.7065033785029872], [3878.8390898496637], [0.8240716567791553], [0.00213011938170389], [0.9480288450953569]], "RAW": [[0.7664023536006137], [155.35465162144678], [0.864550921810841], [0.0038741214484877295], [4.600381292360598]], "KPCA": [[0.5556702473441762], [4053.3734042902465], [0.7110644262831208], [0.01089940428101323], [0.9494305675564018], [0.3742568661510653]], "LLE": [[0.8776612899751554], [5724.7689484153425], [0.9359962776571005], [0.0005706669164364744], [0.009724657315339072], [0.9890844845604148]], "SE": [[0.8875798313961857], [-1.0], [-1.0], [-1.0], [-1.0], [-1.0]], "TSNE": [[0.5005042510943243], [3365.4191075364156], [0.666771268832901], [0.004417925328234505], [1.1819226099194344], [0.34184983372688293]]}, "pendigits_norm": {"KISOMAP": [[0.9191789578829578], [0.05179424995943088], [0.8402602228819391], [0.8723032228325892], [1.0], [0.7889470698502365]], "ISOMAP": [[0.9079488841316159], [0.0404672255357703], [0.8372617664684645], [0.8732719788211996], [0.5326571352714965], [0.7663329847934287]], "UMAP": [[1.0], [0.08364443170859111], [1.0], [1.0], [0.4463485396981163], [0.8942352752169699]], "RAW": [[0.9514498160135482], [0.004099591528217496], [0.8979936205052], [0.9224079461914713], [0.9247829420974513], [0.6317980114132882]], "KPCA": [[0.9105256804737102], [0.04016738209834591], [0.805166449136184], [0.836015984597761], [0.540877591619968], [0.7480801066621698]], "LLE": [[0.45613543599822415], [1.0], [0.7595157473063363], [0.7145563332574628], [0.42614679165523867], [1.0]], "SE": [[0.0], [0.0], [0.0], [0.0], [0.0], [0.0]], "TSNE": [[0.9850173436845043], [0.03368113658299023], [0.9699583949728632], [0.9819934123854068], [0.5208686210503854], [0.7849855726246517]]}, "COIL2000-train_norm": {"KISOMAP": [[0.885465993207164], [0.804340551561159], [0.9889024551871742], [0.99779182453367], [1.0], [0.9671726132862228]], "ISOMAP": [[0.12667981812385468], [0.7412527599753606], [0.8812039098849128], [1.0], [0.23982637926877057], [0.7098164367411464]], "UMAP": [[0.5321935505412514], [0.6776101384467222], [0.9421875846717052], [0.9878959162400469], [0.24667870736307623], [0.7916775782949889]], "RAW": [[0.6869410421058555], [0.027307188437060374], [0.9630963361496123], [0.9896151465938385], [0.7091757503581738], [0.6945639439225678]], "KPCA": [[0.14251996007299322], [0.7080923873835898], [0.8838159690853398], [0.9965406426810787], [0.24685620734499022], [0.6908991934823595]], "LLE": [[0.974375698375766], [1.0], [1.0], [0.9863586141550057], [0.12786133731350396], [1.0]], "SE": [[1.0], [0.0], [0.0], [0.0], [0.0], [0.0]], "TSNE": [[0.0], [0.5879418359115071], [0.8609372280663631], [0.9901512263120781], [0.2762966525553932], [0.6746067570998273]]}}